{
 "started": "2026-07-03T14:02:35.530838+08:00",
 "connect_ms": [
  2.237000036984682,
  1.1857077479362488
 ],
 "history_quota_before": "(3, 97, [])",
 "subscribe_per_symbol_ms": [
  52.08329204469919,
  46.52141593396664,
  49.096125178039074,
  47.43862524628639,
  7.664458826184273,
  7.950916886329651
 ],
 "subscribe_batch5_ticker_ms": 50.10395776480436,
 "first_push_delta_ms": {
  "HK.00700/ORDER_BOOK": 292.3,
  "HK.00700/QUOTE": -0.4,
  "HK.00700/TICKER": 79.3,
  "HK.09988/ORDER_BOOK": 182.1,
  "HK.09988/QUOTE": -0.1,
  "HK.09988/TICKER": 79.6,
  "US.AAPL/ORDER_BOOK": 290.9,
  "US.AAPL/QUOTE": 0.5,
  "US.AAPL/TICKER": 83.9,
  "US.AMD/TICKER": 84.2,
  "US.AMZN/TICKER": 85.6,
  "US.GOOG/TICKER": 83.5,
  "US.META/TICKER": 82.2,
  "US.MSFT/ORDER_BOOK": 141.4,
  "US.MSFT/QUOTE": 4.0,
  "US.MSFT/TICKER": 85.5,
  "US.NFLX/TICKER": 84.7,
  "US.NVDA/ORDER_BOOK": 293.6,
  "US.NVDA/QUOTE": -0.1,
  "US.NVDA/TICKER": 79.5,
  "US.TSLA/ORDER_BOOK": 143.3,
  "US.TSLA/QUOTE": 0.9,
  "US.TSLA/TICKER": 84.3
 },
 "first_push_missing": [],
 "get_stock_quote_1sym_ms": [
  7.15408381074667,
  6.306124851107597,
  3.6173341795802116,
  5.86741603910923,
  5.007833242416382,
  3.9945002645254135,
  5.0200000405311584,
  5.538333207368851,
  5.313540808856487,
  6.261915899813175,
  5.459958221763372,
  4.4521247036755085,
  7.228707894682884,
  5.471041891723871,
  7.479874882847071,
  3.6183339543640614,
  6.026000250130892,
  7.092042360454798,
  5.9421248733997345,
  3.779625054448843
 ],
 "get_stock_quote_6sym_ms": [
  6.071958225220442,
  6.607084069401026,
  6.88491715118289,
  6.443957798182964,
  4.658541642129421,
  3.0087921768426895,
  4.6748328022658825,
  2.3108753375709057,
  3.6367918364703655,
  4.267374984920025,
  4.764792043715715,
  4.145374987274408,
  4.414415918290615,
  4.620375111699104,
  5.149208940565586,
  7.028417196124792,
  6.289042066782713,
  6.479332689195871,
  5.105624906718731,
  20.84016613662243
 ],
 "get_rt_ticker_US.AAPL_ms": [
  285.7072092592716,
  32.054333947598934,
  27.563708368688822,
  30.010916758328676,
  31.461082864552736,
  32.76754170656204,
  32.100916374474764,
  32.88416704162955,
  28.57079217210412,
  26.23433293774724,
  28.340458869934082,
  23.32712523639202,
  31.316790729761124,
  31.329334247857332,
  29.650791082531214,
  27.877749875187874,
  27.12787501513958,
  29.106915928423405,
  35.6977921910584,
  41.683082934468985
 ],
 "get_rt_ticker_US.AAPL_rows": 1000,
 "get_rt_ticker_HK.00700_ms": [
  358.7149172089994,
  28.908166103065014,
  23.70795840397477,
  31.906249932944775,
  35.06933292374015,
  31.29537496715784,
  28.932499699294567,
  25.446833577007055,
  32.27820806205273,
  31.600584276020527,
  33.21008384227753,
  32.23962476477027,
  33.64933282136917,
  30.523499939590693,
  30.69133311510086,
  27.10245829075575,
  25.398625060915947,
  25.04237461835146,
  31.913124956190586,
  28.36250001564622
 ],
 "get_rt_ticker_HK.00700_rows": 1000,
 "history_kline": {
  "US.AAPL/K_1M/page1": {
   "ms": 129.29533328860998,
   "bars": 1000,
   "has_more": true
  },
  "US.AAPL/K_1M/page2": {
   "ms": 69.33129066601396,
   "bars": 560
  },
  "US.AAPL/K_DAY": {
   "ms": 63.47891688346863,
   "bars": 251
  },
  "US.TSLA/K_1M/page1": {
   "ms": 95.788833219558,
   "bars": 1000,
   "has_more": true
  },
  "US.TSLA/K_1M/page2": {
   "ms": 73.34870798513293,
   "bars": 560
  },
  "US.TSLA/K_DAY": {
   "ms": 76.21570816263556,
   "bars": 251
  },
  "HK.00700/K_1M/page1": {
   "ms": 85.49395808950067,
   "bars": 1000,
   "has_more": true
  },
  "HK.00700/K_1M/page2": {
   "ms": 59.259166941046715,
   "bars": 206
  },
  "HK.00700/K_DAY": {
   "ms": 60.85012527182698,
   "bars": 246
  }
 },
 "history_quota_after": "(3, 97, [])",
 "unsubscribe_all_ms": 13.303874991834164
}