{
 "started": "2026-07-03T14:03:55.305597+08:00",
 "subscribe_k1m_ob_ms": [
  44.06287521123886,
  48.39408304542303,
  46.016083098948,
  40.53720785304904,
  2.8817076236009598,
  3.7118750624358654
 ],
 "first_push_delta_ms": {
  "HK.00700/K_1M": 369.3,
  "HK.00700/ORDER_BOOK": 300.0,
  "HK.09988/K_1M": 261.0,
  "HK.09988/ORDER_BOOK": 192.8,
  "US.AAPL/ORDER_BOOK": 296.5,
  "US.MSFT/ORDER_BOOK": 150.4,
  "US.NVDA/ORDER_BOOK": 294.8,
  "US.TSLA/ORDER_BOOK": 146.4
 },
 "first_push_missing": [
  "US.AAPL/K_1M",
  "US.MSFT/K_1M",
  "US.NVDA/K_1M",
  "US.TSLA/K_1M"
 ],
 "get_cur_kline_US.AAPL_ms": [
  129.16962523013353,
  12.889958918094635,
  7.56087526679039,
  8.865292184054852,
  8.318374864757061,
  7.005666848272085,
  5.889584310352802,
  8.909542113542557,
  8.683250285685062,
  13.443500269204378,
  11.759583372622728,
  11.509833857417107,
  8.537833113223314,
  8.030207827687263,
  11.027165688574314,
  14.861500356346369,
  12.69066659733653,
  9.938166942447424,
  13.406333047896624,
  10.869416873902082
 ],
 "get_cur_kline_US.AAPL_bars": 1000,
 "get_cur_kline_HK.00700_ms": [
  106.457042042166,
  8.419000077992678,
  11.164125055074692,
  9.492791723459959,
  10.100000072270632,
  11.882500257343054,
  12.180583085864782,
  9.74379200488329,
  6.528874859213829,
  11.807541828602552,
  14.196041040122509,
  5.6516253389418125,
  9.895500261336565,
  12.956792023032904,
  11.826917063444853,
  11.588957626372576,
  9.165791794657707,
  8.89375014230609,
  8.573541883379221,
  7.607040926814079
 ],
 "get_cur_kline_HK.00700_bars": 1000,
 "get_order_book_US.AAPL_ms": [
  4.301917273551226,
  2.4237502366304398,
  1.9409172236919403,
  2.5627920404076576,
  2.1902909502387047,
  1.650999765843153,
  2.913583070039749,
  3.561458084732294,
  4.861624911427498,
  1.3114167377352715,
  2.860667183995247,
  3.1973328441381454,
  1.9415002316236496,
  3.014707937836647,
  1.8877498805522919,
  2.898041158914566,
  1.2670420110225677,
  1.4017079956829548,
  1.6485420055687428,
  1.7838329076766968
 ],
 "get_order_book_US.AAPL_levels": 10,
 "get_order_book_HK.00700_ms": [
  1.9351248629391193,
  1.8570832908153534,
  3.4235422499477863,
  2.730666194111109,
  5.209208000451326,
  1.946374773979187,
  3.1174160540103912,
  3.188167233020067,
  2.691000234335661,
  2.651291899383068,
  2.227208111435175,
  2.805208321660757,
  3.0897920951247215,
  2.1581249311566353,
  1.3035000301897526,
  1.1521251872181892,
  2.1175420843064785,
  3.355917055159807,
  2.6086661964654922,
  2.1734172478318214
 ],
 "get_order_book_HK.00700_levels": 1
}