{
 "started": "2026-07-03T12:31:30.252703+08:00",
 "subscribe_k1m_ob_ms": [
  45.75258307158947,
  41.99774982407689,
  43.46133302897215,
  45.86012475192547,
  4.033542238175869,
  4.846916068345308
 ],
 "first_push_delta_ms": {
  "HK.00700/ORDER_BOOK": 295.7,
  "HK.09988/ORDER_BOOK": 186.8,
  "US.AAPL/ORDER_BOOK": 289.3,
  "US.MSFT/ORDER_BOOK": 138.0,
  "US.NVDA/ORDER_BOOK": 289.5,
  "US.TSLA/ORDER_BOOK": 143.4
 },
 "first_push_missing": [
  "HK.00700/K_1M",
  "HK.09988/K_1M",
  "US.AAPL/K_1M",
  "US.MSFT/K_1M",
  "US.NVDA/K_1M",
  "US.TSLA/K_1M"
 ],
 "get_cur_kline_US.AAPL_ms": [
  136.87024964019656,
  8.146417327225208,
  5.72037510573864,
  7.420334033668041,
  8.896915707737207,
  12.439459096640348,
  7.782916072756052,
  11.551582720130682,
  5.696957930922508,
  10.840792208909988,
  11.27558434382081,
  12.011416722089052,
  11.880291625857353,
  10.87958412244916,
  8.311124984174967,
  9.132916573435068,
  9.685874916613102,
  9.10066720098257,
  7.753334008157253,
  11.62425009533763
 ],
 "get_cur_kline_US.AAPL_bars": 1000,
 "get_cur_kline_HK.00700_ms": [
  104.13350025191903,
  11.910667177289724,
  10.492332745343447,
  12.26916629821062,
  8.10308288782835,
  8.911707904189825,
  6.993874907493591,
  12.745792046189308,
  8.180125150829554,
  7.408000063151121,
  8.307334035634995,
  6.456541828811169,
  10.600791778415442,
  8.887667208909988,
  9.89337544888258,
  7.717416156083345,
  6.198583170771599,
  9.17808385565877,
  7.1344999596476555,
  9.133375249803066
 ],
 "get_cur_kline_HK.00700_bars": 1000,
 "get_order_book_US.AAPL_ms": [
  2.6946249417960644,
  2.2925827652215958,
  2.7587912045419216,
  2.810666337609291,
  1.2193331494927406,
  2.700790762901306,
  2.0229583606123924,
  2.6772920973598957,
  2.0645828917622566,
  1.657707616686821,
  2.7997498400509357,
  2.1357079967856407,
  2.388583030551672,
  2.715541049838066,
  1.6317497938871384,
  1.1703330092132092,
  3.344499971717596,
  3.278124611824751,
  1.1787083931267262,
  2.9125832952558994
 ],
 "get_order_book_US.AAPL_levels": 10,
 "get_order_book_HK.00700_ms": [
  1.4565419405698776,
  1.3226657174527645,
  11.675374582409859,
  3.038916736841202,
  6.210166960954666,
  1.663499977439642,
  1.7382078804075718,
  3.047000151127577,
  1.2159161269664764,
  2.0784172229468822,
  3.5679168067872524,
  2.1594581194221973,
  2.078041899949312,
  2.225459087640047,
  1.7324169166386127,
  1.7353333532810211,
  2.1073329262435436,
  1.904582604765892,
  2.0725419744849205,
  2.9465421102941036
 ],
 "get_order_book_HK.00700_levels": 1
}