{
 "started": "2026-07-03T12:25:26.863824+08:00",
 "connect_ms": [
  2.888333983719349,
  1.0434160940349102
 ],
 "history_quota_before": "(0, 100, [])",
 "subscribe_per_symbol_ms": [
  45.22062512114644,
  47.77620919048786,
  46.08562495559454,
  48.74904081225395,
  3.7510828115046024,
  2.0276252180337906
 ],
 "subscribe_batch5_ticker_ms": 50.36399979144335,
 "first_push_delta_ms": {
  "HK.00700/ORDER_BOOK": 290.0,
  "HK.00700/QUOTE": 3.4,
  "HK.00700/TICKER": 83.2,
  "HK.09988/ORDER_BOOK": 184.8,
  "HK.09988/QUOTE": 191.1,
  "HK.09988/TICKER": 82.9,
  "US.AAPL/ORDER_BOOK": 287.1,
  "US.AAPL/QUOTE": 292.4,
  "US.AAPL/TICKER": 91.8,
  "US.AMD/TICKER": 83.4,
  "US.AMZN/TICKER": 87.2,
  "US.GOOG/TICKER": 85.9,
  "US.META/TICKER": 86.6,
  "US.MSFT/ORDER_BOOK": 148.5,
  "US.MSFT/QUOTE": 160.1,
  "US.MSFT/TICKER": 82.7,
  "US.NFLX/TICKER": 87.7,
  "US.NVDA/ORDER_BOOK": 300.7,
  "US.NVDA/QUOTE": 311.6,
  "US.NVDA/TICKER": 84.4,
  "US.TSLA/ORDER_BOOK": 136.4,
  "US.TSLA/QUOTE": 140.9,
  "US.TSLA/TICKER": 83.3
 },
 "first_push_missing": [],
 "get_stock_quote_1sym_ms": [
  5.232667084783316,
  5.087125115096569,
  6.60445773974061,
  5.997625179588795,
  5.606541875749826,
  3.372041042894125,
  7.740375120192766,
  5.774208344519138,
  4.3058753944933414,
  5.873708054423332,
  6.9883749820292,
  8.394416887313128,
  3.042709082365036,
  4.077458288520575,
  2.928459085524082,
  4.838708322495222,
  4.018292296677828,
  5.927457939833403,
  2.944167237728834,
  5.087708123028278
 ],
 "get_stock_quote_6sym_ms": [
  3.6569591611623764,
  4.143749829381704,
  3.3784592524170876,
  4.775249864906073,
  5.081874784082174,
  5.2193752489984035,
  5.370208993554115,
  7.607791572809219,
  7.543249987065792,
  7.88799999281764,
  7.011124864220619,
  6.02608360350132,
  8.128333371132612,
  6.642291322350502,
  5.285582970827818,
  4.465457983314991,
  5.360791925340891,
  4.406915977597237,
  3.9092088118195534,
  6.113375071436167
 ],
 "get_rt_ticker_US.AAPL_ms": [
  295.10525008663535,
  26.794792152941227,
  31.273458153009415,
  33.97712530568242,
  29.61104130372405,
  33.25262479484081,
  31.84612514451146,
  31.65208315476775,
  33.390833996236324,
  32.388166058808565,
  23.32320809364319,
  34.78574985638261,
  29.921415727585554,
  32.83112496137619,
  34.081459045410156,
  31.460000202059746,
  34.23049999400973,
  35.04774998873472,
  34.66370888054371,
  29.388708993792534
 ],
 "get_rt_ticker_US.AAPL_rows": 1000,
 "get_rt_ticker_HK.00700_ms": [
  321.794250048697,
  30.744957737624645,
  28.98887498304248,
  33.370042219758034,
  33.23149960488081,
  34.97195802628994,
  31.18325024843216,
  30.480625107884407,
  36.52733284980059,
  29.932540841400623,
  33.81037525832653,
  31.024666968733072,
  34.059499856084585,
  35.83716694265604,
  29.180875048041344,
  28.036292176693678,
  30.054249800741673,
  32.77729218825698,
  25.94750002026558,
  25.4463329911232
 ],
 "get_rt_ticker_HK.00700_rows": 1000,
 "history_kline": {
  "US.AAPL/K_1M/page1": {
   "ms": 165.391709189862,
   "bars": 1000,
   "has_more": true
  },
  "US.AAPL/K_1M/page2": {
   "ms": 70.2360412105918,
   "bars": 560
  },
  "US.AAPL/K_DAY": {
   "ms": 59.74608287215233,
   "bars": 251
  },
  "US.TSLA/K_1M/page1": {
   "ms": 157.12625021114945,
   "bars": 1000,
   "has_more": true
  },
  "US.TSLA/K_1M/page2": {
   "ms": 66.52237474918365,
   "bars": 560
  },
  "US.TSLA/K_DAY": {
   "ms": 100.30254162847996,
   "bars": 251
  },
  "HK.00700/K_1M/page1": {
   "ms": 123.5252907499671,
   "bars": 1000,
   "has_more": true
  },
  "HK.00700/K_1M/page2": {
   "ms": 60.767624992877245,
   "bars": 144
  },
  "HK.00700/K_DAY": {
   "ms": 91.29025042057037,
   "bars": 246
  }
 },
 "history_quota_after": "(3, 97, [])",
 "unsubscribe_all_ms": 10.897750034928322
}